Name,Email,Mobile,Passport,PAN Card,Aadhar Card
Rajesh Kumar,rajesh.kumar@email.com,9876543210,A1234567,ABCDE1234F,2345 6789 0123
Priya Sharma,priya.sharma@company.co.in,8765432109,B2345678,BCDEF2345G,3456 7890 1234
Amit Patel,amit.patel@domain.org,7654321098,C3456789,CDEFG3456H,4567 8901 2345
Sneha Reddy,sneha.r@webmail.com,9988776655,D4567890,DEFGH4567I,5678 9012 3456
Vikram Singh,vikram.singh@business.net,8877665544,E5678901,EFGHI5678J,6789 0123 4567
Anita Desai,anita.desai@techgroup.com,7766554433,F6789012,FGHIJ6789K,7890 1234 5678
Manish Gupta,manish.g@services.in,6655443322,G7890123,GHIJK7890L,8901 2345 6789
Kavita Nair,kavita.nair@global.org,5544332211,H8901234,HIJKL8901M,9012 3456 7890
Rahul Mehta,rahul.mehta@enterprise.com,9876501234,I9012345,IJKLM9012N,1234 5678 9012
Sunita Verma,sunita.v@consulting.co,8765409876,J0123456,JKLMN0123O,2345 6789 0124
Arjun Nair,arjun.nair@email.com,9988223344,K1234567,KLMNO1234P,3456 7890 1235
Divya Krishnan,divya.k@web.co.in,8877445566,L2345678,LMNOP2345Q,4567 8901 2346
Pooja Malhotra,pooja.m@tech.net,7766334455,M3456789,MNOPQ3456R,5678 9012 3457
Sanjay Chopra,sanjay.c@business.org,6655223344,N4567890,NOPQR4567S,6789 0123 4568
Neha Kapoor,neha.k@services.com,5544112233,O5678901,OPQRS5678T,7890 1234 5679
Rakesh Bhatia,rakesh.b@global.co,9988776654,P6789012,PQRST6789U,8901 2345 6780
Meera Iyer,meera.i@enterprise.in,8877665545,Q7890123,QRSTU7890V,9012 3456 7891
Tarun Saxena,tarun.s@consulting.org,7766554436,R8901234,RSTUV8901W,1234 5678 9013
Anjali Menon,anjali.m@email.net,6655443327,S9012345,STUVW9012X,2345 6789 0125
Vivek Khanna,vivek.k@techgroup.co,5544332218,T0123456,TUVWX0123Y,3456 7890 1236