"Name","Email","Mobile","Passport","PAN Card","Aadhar Card"
"Rajesh Kumar","rajesh.kumar@email.com","9876543210","A1234567","AB--------","2345 6789 0123"
"Priya Sharma","priya.sharma@company.co.in","8765432109","B2345678","BC--------","3456 7890 1234"
"Amit Patel","amit.patel@domain.org","7654321098","C3456789","CD--------","4567 8901 2345"
"Sneha Reddy","sneha.r@webmail.com","9988776655","D4567890","DE--------","5678 9012 3456"
"Vikram Singh","vikram.singh@business.net","8877665544","E5678901","EF--------","6789 0123 4567"
"Anita Desai","anita.desai@techgroup.com","7766554433","F6789012","FG--------","7890 1234 5678"
"Manish Gupta","manish.g@services.in","6655443322","G7890123","GH--------","8901 2345 6789"
"Kavita Nair","kavita.nair@global.org","5544332211","H8901234","HI--------","9012 3456 7890"
"Rahul Mehta","rahul.mehta@enterprise.com","9876501234","I9012345","IJ--------","1234 5678 9012"
"Sunita Verma","sunita.v@consulting.co","8765409876","J0123456","JK--------","2345 6789 0124"
"Arjun Nair","arjun.nair@email.com","9988223344","K1234567","KL--------","3456 7890 1235"
"Divya Krishnan","divya.k@web.co.in","8877445566","L2345678","LM--------","4567 8901 2346"
"Pooja Malhotra","pooja.m@tech.net","7766334455","M3456789","MN--------","5678 9012 3457"
"Sanjay Chopra","sanjay.c@business.org","6655223344","N4567890","NO--------","6789 0123 4568"
"Neha Kapoor","neha.k@services.com","5544112233","O5678901","OP--------","7890 1234 5679"
"Rakesh Bhatia","rakesh.b@global.co","9988776654","P6789012","PQ--------","8901 2345 6780"
"Meera Iyer","meera.i@enterprise.in","8877665545","Q7890123","QR--------","9012 3456 7891"
"Tarun Saxena","tarun.s@consulting.org","7766554436","R8901234","RS--------","1234 5678 9013"
"Anjali Menon","anjali.m@email.net","6655443327","S9012345","ST--------","2345 6789 0125"
"Vivek Khanna","vivek.k@techgroup.co","5544332218","T0123456","TU--------","3456 7890 1236"
