"Name","MobileNumber","Email"
"Amit Sharma","9876543210","amit.sharma@gmail.com"
"Priya Verma","9123456780","priya.verma@yahoo.com"
"Rahul Mehta","9988776655","rahul.mehta@outlook.com"
"Sneha Patil","9765432109","sneha.patil@gmail.com"
"Vikram Singh","9090909090","vikram.singh@gmail.com"
"Neha Gupta","9812345678","neha.gupta@yahoo.com"
"Arjun Reddy","9345678123","arjun.reddy@gmail.com"
"Pooja Desai","9654321876","pooja.desai@outlook.com"
"Karan Malhotra","9871234560","karan.malhotra@gmail.com"
"Anjali Nair","9123987654","anjali.nair@yahoo.com"
"Rohit Kulkarni","9988123456","rohit.kulkarni@gmail.com"
"Meera Iyer","9765981234","meera.iyer@outlook.com"
"Siddharth Jain","9898989898","siddharth.jain@gmail.com"
"Kavya Shetty","9785612340","kavya.shetty@yahoo.com"
"Manish Yadav","9654987123","manish.yadav@gmail.com"
